{
  "checkpoint": {
    "epoch": 56,
    "arch": "cnn_v2",
    "val_acc_saved": 0.9445438282647585,
    "config": {
      "sample_rate": 22050,
      "duration": 3.0,
      "n_mels": 128,
      "label_smoothing": 0.05,
      "dropout": 0.2
    }
  },
  "evaluation": {
    "accuracy": 0.9445438282647585,
    "val_samples": 2236,
    "train_samples": 8904,
    "total_samples": 11140,
    "classification_report": {
      "aloe": {
        "precision": 0.9722222222222222,
        "recall": 0.9545454545454546,
        "f1-score": 0.963302752293578,
        "support": 110.0
      },
      "burger": {
        "precision": 0.9304347826086956,
        "recall": 0.8991596638655462,
        "f1-score": 0.9145299145299145,
        "support": 119.0
      },
      "cabbage": {
        "precision": 0.979381443298969,
        "recall": 0.95,
        "f1-score": 0.9644670050761421,
        "support": 100.0
      },
      "candied_fruits": {
        "precision": 0.9512195121951219,
        "recall": 0.9629629629629629,
        "f1-score": 0.9570552147239264,
        "support": 162.0
      },
      "carrots": {
        "precision": 0.9703703703703703,
        "recall": 0.9924242424242424,
        "f1-score": 0.9812734082397003,
        "support": 132.0
      },
      "chips": {
        "precision": 0.9787234042553191,
        "recall": 0.9583333333333334,
        "f1-score": 0.968421052631579,
        "support": 144.0
      },
      "chocolate": {
        "precision": 0.9629629629629629,
        "recall": 0.896551724137931,
        "f1-score": 0.9285714285714286,
        "support": 58.0
      },
      "drinks": {
        "precision": 1.0,
        "recall": 0.9830508474576272,
        "f1-score": 0.9914529914529915,
        "support": 59.0
      },
      "fries": {
        "precision": 0.924812030075188,
        "recall": 0.9534883720930233,
        "f1-score": 0.9389312977099237,
        "support": 129.0
      },
      "grapes": {
        "precision": 0.9743589743589743,
        "recall": 0.9827586206896551,
        "f1-score": 0.9785407725321889,
        "support": 116.0
      },
      "gummies": {
        "precision": 0.9259259259259259,
        "recall": 0.9191176470588235,
        "f1-score": 0.922509225092251,
        "support": 136.0
      },
      "ice-cream": {
        "precision": 0.9084967320261438,
        "recall": 0.952054794520548,
        "f1-score": 0.9297658862876255,
        "support": 146.0
      },
      "jelly": {
        "precision": 0.927710843373494,
        "recall": 0.8651685393258427,
        "f1-score": 0.8953488372093024,
        "support": 89.0
      },
      "noodles": {
        "precision": 0.9101123595505618,
        "recall": 0.9759036144578314,
        "f1-score": 0.9418604651162791,
        "support": 83.0
      },
      "pickles": {
        "precision": 0.9647058823529412,
        "recall": 0.9371428571428572,
        "f1-score": 0.9507246376811594,
        "support": 175.0
      },
      "pizza": {
        "precision": 0.9504132231404959,
        "recall": 0.9426229508196722,
        "f1-score": 0.9465020576131687,
        "support": 122.0
      },
      "ribs": {
        "precision": 0.9270833333333334,
        "recall": 0.9081632653061225,
        "f1-score": 0.9175257731958762,
        "support": 98.0
      },
      "salmon": {
        "precision": 0.9680851063829787,
        "recall": 0.900990099009901,
        "f1-score": 0.9333333333333333,
        "support": 101.0
      },
      "soup": {
        "precision": 0.9032258064516129,
        "recall": 1.0,
        "f1-score": 0.9491525423728814,
        "support": 56.0
      },
      "wings": {
        "precision": 0.8648648648648649,
        "recall": 0.9504950495049505,
        "f1-score": 0.9056603773584906,
        "support": 101.0
      },
      "accuracy": 0.9445438282647585,
      "macro avg": {
        "precision": 0.9447554889875086,
        "recall": 0.9442467019328162,
        "f1-score": 0.9439464486510871,
        "support": 2236.0
      },
      "weighted avg": {
        "precision": 0.9453997915933845,
        "recall": 0.9445438282647585,
        "f1-score": 0.9445324241448096,
        "support": 2236.0
      }
    },
    "per_class_acc": {
      "aloe": 0.9545454545454546,
      "burger": 0.8991596638655462,
      "cabbage": 0.95,
      "candied_fruits": 0.9629629629629629,
      "carrots": 0.9924242424242424,
      "chips": 0.9583333333333334,
      "chocolate": 0.896551724137931,
      "drinks": 0.9830508474576272,
      "fries": 0.9534883720930233,
      "grapes": 0.9827586206896551,
      "gummies": 0.9191176470588235,
      "ice-cream": 0.952054794520548,
      "jelly": 0.8651685393258427,
      "noodles": 0.9759036144578314,
      "pickles": 0.9371428571428572,
      "pizza": 0.9426229508196722,
      "ribs": 0.9081632653061225,
      "salmon": 0.900990099009901,
      "soup": 1.0,
      "wings": 0.9504950495049505
    },
    "top_confusions": [
      {
        "true": "burger",
        "pred": "wings",
        "count": 7
      },
      {
        "true": "ice-cream",
        "pred": "gummies",
        "count": 5
      },
      {
        "true": "pickles",
        "pred": "ice-cream",
        "count": 5
      },
      {
        "true": "jelly",
        "pred": "gummies",
        "count": 4
      },
      {
        "true": "jelly",
        "pred": "noodles",
        "count": 4
      },
      {
        "true": "ribs",
        "pred": "fries",
        "count": 4
      },
      {
        "true": "cabbage",
        "pred": "pickles",
        "count": 3
      },
      {
        "true": "chocolate",
        "pred": "ice-cream",
        "count": 3
      },
      {
        "true": "fries",
        "pred": "burger",
        "count": 3
      },
      {
        "true": "gummies",
        "pred": "jelly",
        "count": 3
      }
    ]
  },
  "class_counts": {
    "aloe": 546,
    "burger": 595,
    "cabbage": 499,
    "candied_fruits": 806,
    "carrots": 660,
    "chips": 719,
    "chocolate": 290,
    "drinks": 292,
    "fries": 644,
    "grapes": 579,
    "gummies": 678,
    "ice-cream": 727,
    "jelly": 442,
    "noodles": 411,
    "pickles": 872,
    "pizza": 609,
    "ribs": 488,
    "salmon": 501,
    "soup": 278,
    "wings": 504
  },
  "classes": [
    "aloe",
    "burger",
    "cabbage",
    "candied_fruits",
    "carrots",
    "chips",
    "chocolate",
    "drinks",
    "fries",
    "grapes",
    "gummies",
    "ice-cream",
    "jelly",
    "noodles",
    "pickles",
    "pizza",
    "ribs",
    "salmon",
    "soup",
    "wings"
  ],
  "training_log_runs": [
    {
      "name": "latest_training",
      "epochs": 60,
      "best_val_acc": 94.45438282647585,
      "best_epoch": 56
    }
  ]
}